episode_id,step,action_type,action_params,reward,done,last_action_result,steps_remaining,error
0,1,inspect_data,{},0.01,False,"{""columns"": [""tx_id"", ""account_id"", ""amount"", ""tx_type"", ""date"", ""description""], ""sample_rows"": [{""tx_id"": 1, ""account_id"": 105, ""amount"": 1232.01, ""tx_type"": ""credit"", ""date"": ""2023-01-13"", ""description"": ""TXN-0""}, {""tx_id"": 2, ""account_id"": 101, ""amount"": 2731.38, ""tx_type"": ""credit"", ""date"": ""2023-12-13"", ""description"": ""TXN-1""}, {""tx_id"": 3, ""account_id"": 104, ""amount"": 226451.59, ""tx_type"": ""debit"", ""date"": ""2023-01-17"", ""description"": ""TXN-2""}, {""tx_id"": 4, ""account_id"": 104, ""amount"": 3252.92, ""tx_type"": ""credit"", ""date"": ""2023-10-15"", ""description"": ""TXN-3""}, {""tx_id"": 5, ""account_id"": 104, ""amount"": 1398.17, ""tx_type"": ""debit"", ""date"": ""2023-04-23"", ""description"": ""TXN-4""}], ""row_count"": 5, ""tables"": [""transactions""]}",49,
0,2,filter_transactions,"{""column"": ""tx_type"", ""value"": ""credit""}",0.01,False,"{""filtered_rows"": [{""tx_id"": 1, ""account_id"": 105, ""amount"": 1232.01, ""tx_type"": ""credit"", ""date"": ""2023-01-13"", ""description"": ""TXN-0""}, {""tx_id"": 2, ""account_id"": 101, ""amount"": 2731.38, ""tx_type"": ""credit"", ""date"": ""2023-12-13"", ""description"": ""TXN-1""}, {""tx_id"": 4, ""account_id"": 104, ""amount"": 3252.92, ""tx_type"": ""credit"", ""date"": ""2023-10-15"", ""description"": ""TXN-3""}, {""tx_id"": 6, ""account_id"": 100, ""amount"": 1396.58, ""tx_type"": ""credit"", ""date"": ""2023-12-24"", ""description"": ""TXN-5""}, {""tx_id"": 9, ""account_id"": 103, ""amount"": 3146.91, ""tx_type"": ""credit"", ""date"": ""2023-10-10"", ""description"": ""TXN-8""}], ""match_count"": 5}",48,
0,3,filter_transactions,"{""column"": ""tx_type"", ""value"": ""debit""}",0.01,False,"{""filtered_rows"": [{""tx_id"": 3, ""account_id"": 104, ""amount"": 226451.59, ""tx_type"": ""debit"", ""date"": ""2023-01-17"", ""description"": ""TXN-2""}, {""tx_id"": 5, ""account_id"": 104, ""amount"": 1398.17, ""tx_type"": ""debit"", ""date"": ""2023-04-23"", ""description"": ""TXN-4""}, {""tx_id"": 7, ""account_id"": 101, ""amount"": 492.61, ""tx_type"": ""debit"", ""date"": ""2023-02-22"", ""description"": ""TXN-6""}, {""tx_id"": 8, ""account_id"": 102, ""amount"": 2685.78, ""tx_type"": ""debit"", ""date"": ""2023-01-23"", ""description"": ""TXN-7""}, {""tx_id"": 12, ""account_id"": 103, ""amount"": 1055.44, ""tx_type"": ""debit"", ""date"": ""2023-03-25"", ""description"": ""TXN-11""}], ""match_count"": 5}",47,
0,4,calculate_total,{},0.01,False,"{""total"": 17760737.1}",46,
0,5,assign_category,"{""transaction_id"": 1, ""category"": ""large""}",0.01,False,"{""assigned"": {""1"": ""large""}, ""all_categories"": {""1"": ""large""}}",45,
0,6,assign_category,"{""transaction_id"": 2, ""category"": ""large""}",0.01,False,"{""assigned"": {""2"": ""large""}, ""all_categories"": {""1"": ""large"", ""2"": ""large""}}",44,
0,7,assign_category,"{""transaction_id"": 3, ""category"": ""anomaly""}",0.01,False,"{""assigned"": {""3"": ""anomaly""}, ""all_categories"": {""1"": ""large"", ""2"": ""large"", ""3"": ""anomaly""}}",43,
0,8,assign_category,"{""transaction_id"": 4, ""category"": ""large""}",0.01,False,"{""assigned"": {""4"": ""large""}, ""all_categories"": {""1"": ""large"", ""2"": ""large"", ""3"": ""anomaly"", ""4"": ""large""}}",42,
0,9,assign_category,"{""transaction_id"": 5, ""category"": ""large""}",0.01,False,"{""assigned"": {""5"": ""large""}, ""all_categories"": {""1"": ""large"", ""2"": ""large"", ""3"": ""anomaly"", ""4"": ""large"", ""5"": ""large""}}",41,
0,10,flag_anomaly,"{""transaction_id"": 3}",0.01,False,"{""flagged_id"": 3, ""all_flagged"": [3]}",40,
0,11,submit_answer,"{""total"": 17760737.1, ""flagged"": [3], ""categories"": {""1"": ""large"", ""2"": ""large"", ""3"": ""anomaly"", ""4"": ""large"", ""5"": ""large""}, ""summary"": ""Heuristic agent: inspected, filtered, categorized, flagged, submitted.""}",0.6966,True,"{""status"": ""submitted"", ""steps_taken"": 11, ""flagged_transactions"": [3], ""assigned_categories"": {""1"": ""large"", ""2"": ""large"", ""3"": ""anomaly"", ""4"": ""large"", ""5"": ""large""}, ""submitted_total"": 17760737.1, ""agent_summary"": ""Heuristic agent: inspected, filtered, categorized, flagged, submitted.""}",39,
1,1,inspect_data,{},0.01,False,"{""columns"": [""tx_id"", ""account_id"", ""amount"", ""tx_type"", ""date"", ""description""], ""sample_rows"": [{""tx_id"": 1, ""account_id"": 105, ""amount"": 1232.01, ""tx_type"": ""credit"", ""date"": ""2023-01-13"", ""description"": ""TXN-0""}, {""tx_id"": 2, ""account_id"": 101, ""amount"": 2731.38, ""tx_type"": ""credit"", ""date"": ""2023-12-13"", ""description"": ""TXN-1""}, {""tx_id"": 3, ""account_id"": 104, ""amount"": 226451.59, ""tx_type"": ""debit"", ""date"": ""2023-01-17"", ""description"": ""TXN-2""}, {""tx_id"": 4, ""account_id"": 104, ""amount"": 3252.92, ""tx_type"": ""credit"", ""date"": ""2023-10-15"", ""description"": ""TXN-3""}, {""tx_id"": 5, ""account_id"": 104, ""amount"": 1398.17, ""tx_type"": ""debit"", ""date"": ""2023-04-23"", ""description"": ""TXN-4""}], ""row_count"": 5, ""tables"": [""transactions""]}",49,
1,2,filter_transactions,"{""column"": ""tx_type"", ""value"": ""credit""}",0.01,False,"{""filtered_rows"": [{""tx_id"": 1, ""account_id"": 105, ""amount"": 1232.01, ""tx_type"": ""credit"", ""date"": ""2023-01-13"", ""description"": ""TXN-0""}, {""tx_id"": 2, ""account_id"": 101, ""amount"": 2731.38, ""tx_type"": ""credit"", ""date"": ""2023-12-13"", ""description"": ""TXN-1""}, {""tx_id"": 4, ""account_id"": 104, ""amount"": 3252.92, ""tx_type"": ""credit"", ""date"": ""2023-10-15"", ""description"": ""TXN-3""}, {""tx_id"": 6, ""account_id"": 100, ""amount"": 1396.58, ""tx_type"": ""credit"", ""date"": ""2023-12-24"", ""description"": ""TXN-5""}, {""tx_id"": 9, ""account_id"": 103, ""amount"": 3146.91, ""tx_type"": ""credit"", ""date"": ""2023-10-10"", ""description"": ""TXN-8""}], ""match_count"": 5}",48,
1,3,filter_transactions,"{""column"": ""tx_type"", ""value"": ""debit""}",0.01,False,"{""filtered_rows"": [{""tx_id"": 3, ""account_id"": 104, ""amount"": 226451.59, ""tx_type"": ""debit"", ""date"": ""2023-01-17"", ""description"": ""TXN-2""}, {""tx_id"": 5, ""account_id"": 104, ""amount"": 1398.17, ""tx_type"": ""debit"", ""date"": ""2023-04-23"", ""description"": ""TXN-4""}, {""tx_id"": 7, ""account_id"": 101, ""amount"": 492.61, ""tx_type"": ""debit"", ""date"": ""2023-02-22"", ""description"": ""TXN-6""}, {""tx_id"": 8, ""account_id"": 102, ""amount"": 2685.78, ""tx_type"": ""debit"", ""date"": ""2023-01-23"", ""description"": ""TXN-7""}, {""tx_id"": 12, ""account_id"": 103, ""amount"": 1055.44, ""tx_type"": ""debit"", ""date"": ""2023-03-25"", ""description"": ""TXN-11""}], ""match_count"": 5}",47,
1,4,calculate_total,{},0.01,False,"{""total"": 17760737.1}",46,
1,5,assign_category,"{""transaction_id"": 1, ""category"": ""large""}",0.01,False,"{""assigned"": {""1"": ""large""}, ""all_categories"": {""1"": ""large""}}",45,
1,6,assign_category,"{""transaction_id"": 2, ""category"": ""large""}",0.01,False,"{""assigned"": {""2"": ""large""}, ""all_categories"": {""1"": ""large"", ""2"": ""large""}}",44,
1,7,assign_category,"{""transaction_id"": 3, ""category"": ""anomaly""}",0.01,False,"{""assigned"": {""3"": ""anomaly""}, ""all_categories"": {""1"": ""large"", ""2"": ""large"", ""3"": ""anomaly""}}",43,
1,8,assign_category,"{""transaction_id"": 4, ""category"": ""large""}",0.01,False,"{""assigned"": {""4"": ""large""}, ""all_categories"": {""1"": ""large"", ""2"": ""large"", ""3"": ""anomaly"", ""4"": ""large""}}",42,
1,9,assign_category,"{""transaction_id"": 5, ""category"": ""large""}",0.01,False,"{""assigned"": {""5"": ""large""}, ""all_categories"": {""1"": ""large"", ""2"": ""large"", ""3"": ""anomaly"", ""4"": ""large"", ""5"": ""large""}}",41,
1,10,flag_anomaly,"{""transaction_id"": 3}",0.01,False,"{""flagged_id"": 3, ""all_flagged"": [3]}",40,
1,11,submit_answer,"{""total"": 17760737.1, ""flagged"": [3], ""categories"": {""1"": ""large"", ""2"": ""large"", ""3"": ""anomaly"", ""4"": ""large"", ""5"": ""large""}, ""summary"": ""Heuristic agent: inspected, filtered, categorized, flagged, submitted.""}",0.6966,True,"{""status"": ""submitted"", ""steps_taken"": 11, ""flagged_transactions"": [3], ""assigned_categories"": {""1"": ""large"", ""2"": ""large"", ""3"": ""anomaly"", ""4"": ""large"", ""5"": ""large""}, ""submitted_total"": 17760737.1, ""agent_summary"": ""Heuristic agent: inspected, filtered, categorized, flagged, submitted.""}",39,
2,1,inspect_data,{},0.01,False,"{""columns"": [""tx_id"", ""account_id"", ""amount"", ""tx_type"", ""date"", ""description""], ""sample_rows"": [{""tx_id"": 1, ""account_id"": 105, ""amount"": 1232.01, ""tx_type"": ""credit"", ""date"": ""2023-01-13"", ""description"": ""TXN-0""}, {""tx_id"": 2, ""account_id"": 101, ""amount"": 2731.38, ""tx_type"": ""credit"", ""date"": ""2023-12-13"", ""description"": ""TXN-1""}, {""tx_id"": 3, ""account_id"": 104, ""amount"": 226451.59, ""tx_type"": ""debit"", ""date"": ""2023-01-17"", ""description"": ""TXN-2""}, {""tx_id"": 4, ""account_id"": 104, ""amount"": 3252.92, ""tx_type"": ""credit"", ""date"": ""2023-10-15"", ""description"": ""TXN-3""}, {""tx_id"": 5, ""account_id"": 104, ""amount"": 1398.17, ""tx_type"": ""debit"", ""date"": ""2023-04-23"", ""description"": ""TXN-4""}], ""row_count"": 5, ""tables"": [""transactions""]}",49,
2,2,filter_transactions,"{""column"": ""tx_type"", ""value"": ""credit""}",0.01,False,"{""filtered_rows"": [{""tx_id"": 1, ""account_id"": 105, ""amount"": 1232.01, ""tx_type"": ""credit"", ""date"": ""2023-01-13"", ""description"": ""TXN-0""}, {""tx_id"": 2, ""account_id"": 101, ""amount"": 2731.38, ""tx_type"": ""credit"", ""date"": ""2023-12-13"", ""description"": ""TXN-1""}, {""tx_id"": 4, ""account_id"": 104, ""amount"": 3252.92, ""tx_type"": ""credit"", ""date"": ""2023-10-15"", ""description"": ""TXN-3""}, {""tx_id"": 6, ""account_id"": 100, ""amount"": 1396.58, ""tx_type"": ""credit"", ""date"": ""2023-12-24"", ""description"": ""TXN-5""}, {""tx_id"": 9, ""account_id"": 103, ""amount"": 3146.91, ""tx_type"": ""credit"", ""date"": ""2023-10-10"", ""description"": ""TXN-8""}], ""match_count"": 5}",48,
2,3,filter_transactions,"{""column"": ""tx_type"", ""value"": ""debit""}",0.01,False,"{""filtered_rows"": [{""tx_id"": 3, ""account_id"": 104, ""amount"": 226451.59, ""tx_type"": ""debit"", ""date"": ""2023-01-17"", ""description"": ""TXN-2""}, {""tx_id"": 5, ""account_id"": 104, ""amount"": 1398.17, ""tx_type"": ""debit"", ""date"": ""2023-04-23"", ""description"": ""TXN-4""}, {""tx_id"": 7, ""account_id"": 101, ""amount"": 492.61, ""tx_type"": ""debit"", ""date"": ""2023-02-22"", ""description"": ""TXN-6""}, {""tx_id"": 8, ""account_id"": 102, ""amount"": 2685.78, ""tx_type"": ""debit"", ""date"": ""2023-01-23"", ""description"": ""TXN-7""}, {""tx_id"": 12, ""account_id"": 103, ""amount"": 1055.44, ""tx_type"": ""debit"", ""date"": ""2023-03-25"", ""description"": ""TXN-11""}], ""match_count"": 5}",47,
2,4,calculate_total,{},0.01,False,"{""total"": 17760737.1}",46,
2,5,assign_category,"{""transaction_id"": 1, ""category"": ""large""}",0.01,False,"{""assigned"": {""1"": ""large""}, ""all_categories"": {""1"": ""large""}}",45,
2,6,assign_category,"{""transaction_id"": 2, ""category"": ""large""}",0.01,False,"{""assigned"": {""2"": ""large""}, ""all_categories"": {""1"": ""large"", ""2"": ""large""}}",44,
2,7,assign_category,"{""transaction_id"": 3, ""category"": ""anomaly""}",0.01,False,"{""assigned"": {""3"": ""anomaly""}, ""all_categories"": {""1"": ""large"", ""2"": ""large"", ""3"": ""anomaly""}}",43,
2,8,assign_category,"{""transaction_id"": 4, ""category"": ""large""}",0.01,False,"{""assigned"": {""4"": ""large""}, ""all_categories"": {""1"": ""large"", ""2"": ""large"", ""3"": ""anomaly"", ""4"": ""large""}}",42,
2,9,assign_category,"{""transaction_id"": 5, ""category"": ""large""}",0.01,False,"{""assigned"": {""5"": ""large""}, ""all_categories"": {""1"": ""large"", ""2"": ""large"", ""3"": ""anomaly"", ""4"": ""large"", ""5"": ""large""}}",41,
2,10,flag_anomaly,"{""transaction_id"": 3}",0.01,False,"{""flagged_id"": 3, ""all_flagged"": [3]}",40,
2,11,submit_answer,"{""total"": 17760737.1, ""flagged"": [3], ""categories"": {""1"": ""large"", ""2"": ""large"", ""3"": ""anomaly"", ""4"": ""large"", ""5"": ""large""}, ""summary"": ""Heuristic agent: inspected, filtered, categorized, flagged, submitted.""}",0.6966,True,"{""status"": ""submitted"", ""steps_taken"": 11, ""flagged_transactions"": [3], ""assigned_categories"": {""1"": ""large"", ""2"": ""large"", ""3"": ""anomaly"", ""4"": ""large"", ""5"": ""large""}, ""submitted_total"": 17760737.1, ""agent_summary"": ""Heuristic agent: inspected, filtered, categorized, flagged, submitted.""}",39,
3,1,inspect_data,{},0.01,False,"{""columns"": [""tx_id"", ""account_id"", ""amount"", ""tx_type"", ""date"", ""description""], ""sample_rows"": [{""tx_id"": 1, ""account_id"": 105, ""amount"": 1232.01, ""tx_type"": ""credit"", ""date"": ""2023-01-13"", ""description"": ""TXN-0""}, {""tx_id"": 2, ""account_id"": 101, ""amount"": 2731.38, ""tx_type"": ""credit"", ""date"": ""2023-12-13"", ""description"": ""TXN-1""}, {""tx_id"": 3, ""account_id"": 104, ""amount"": 226451.59, ""tx_type"": ""debit"", ""date"": ""2023-01-17"", ""description"": ""TXN-2""}, {""tx_id"": 4, ""account_id"": 104, ""amount"": 3252.92, ""tx_type"": ""credit"", ""date"": ""2023-10-15"", ""description"": ""TXN-3""}, {""tx_id"": 5, ""account_id"": 104, ""amount"": 1398.17, ""tx_type"": ""debit"", ""date"": ""2023-04-23"", ""description"": ""TXN-4""}], ""row_count"": 5, ""tables"": [""transactions""]}",49,
3,2,filter_transactions,"{""column"": ""tx_type"", ""value"": ""credit""}",0.01,False,"{""filtered_rows"": [{""tx_id"": 1, ""account_id"": 105, ""amount"": 1232.01, ""tx_type"": ""credit"", ""date"": ""2023-01-13"", ""description"": ""TXN-0""}, {""tx_id"": 2, ""account_id"": 101, ""amount"": 2731.38, ""tx_type"": ""credit"", ""date"": ""2023-12-13"", ""description"": ""TXN-1""}, {""tx_id"": 4, ""account_id"": 104, ""amount"": 3252.92, ""tx_type"": ""credit"", ""date"": ""2023-10-15"", ""description"": ""TXN-3""}, {""tx_id"": 6, ""account_id"": 100, ""amount"": 1396.58, ""tx_type"": ""credit"", ""date"": ""2023-12-24"", ""description"": ""TXN-5""}, {""tx_id"": 9, ""account_id"": 103, ""amount"": 3146.91, ""tx_type"": ""credit"", ""date"": ""2023-10-10"", ""description"": ""TXN-8""}], ""match_count"": 5}",48,
3,3,filter_transactions,"{""column"": ""tx_type"", ""value"": ""debit""}",0.01,False,"{""filtered_rows"": [{""tx_id"": 3, ""account_id"": 104, ""amount"": 226451.59, ""tx_type"": ""debit"", ""date"": ""2023-01-17"", ""description"": ""TXN-2""}, {""tx_id"": 5, ""account_id"": 104, ""amount"": 1398.17, ""tx_type"": ""debit"", ""date"": ""2023-04-23"", ""description"": ""TXN-4""}, {""tx_id"": 7, ""account_id"": 101, ""amount"": 492.61, ""tx_type"": ""debit"", ""date"": ""2023-02-22"", ""description"": ""TXN-6""}, {""tx_id"": 8, ""account_id"": 102, ""amount"": 2685.78, ""tx_type"": ""debit"", ""date"": ""2023-01-23"", ""description"": ""TXN-7""}, {""tx_id"": 12, ""account_id"": 103, ""amount"": 1055.44, ""tx_type"": ""debit"", ""date"": ""2023-03-25"", ""description"": ""TXN-11""}], ""match_count"": 5}",47,
3,4,calculate_total,{},0.01,False,"{""total"": 17760737.1}",46,
3,5,assign_category,"{""transaction_id"": 1, ""category"": ""large""}",0.01,False,"{""assigned"": {""1"": ""large""}, ""all_categories"": {""1"": ""large""}}",45,
3,6,assign_category,"{""transaction_id"": 2, ""category"": ""large""}",0.01,False,"{""assigned"": {""2"": ""large""}, ""all_categories"": {""1"": ""large"", ""2"": ""large""}}",44,
3,7,assign_category,"{""transaction_id"": 3, ""category"": ""anomaly""}",0.01,False,"{""assigned"": {""3"": ""anomaly""}, ""all_categories"": {""1"": ""large"", ""2"": ""large"", ""3"": ""anomaly""}}",43,
3,8,assign_category,"{""transaction_id"": 4, ""category"": ""large""}",0.01,False,"{""assigned"": {""4"": ""large""}, ""all_categories"": {""1"": ""large"", ""2"": ""large"", ""3"": ""anomaly"", ""4"": ""large""}}",42,
3,9,assign_category,"{""transaction_id"": 5, ""category"": ""large""}",0.01,False,"{""assigned"": {""5"": ""large""}, ""all_categories"": {""1"": ""large"", ""2"": ""large"", ""3"": ""anomaly"", ""4"": ""large"", ""5"": ""large""}}",41,
3,10,flag_anomaly,"{""transaction_id"": 3}",0.01,False,"{""flagged_id"": 3, ""all_flagged"": [3]}",40,
3,11,submit_answer,"{""total"": 17760737.1, ""flagged"": [3], ""categories"": {""1"": ""large"", ""2"": ""large"", ""3"": ""anomaly"", ""4"": ""large"", ""5"": ""large""}, ""summary"": ""Heuristic agent: inspected, filtered, categorized, flagged, submitted.""}",0.6966,True,"{""status"": ""submitted"", ""steps_taken"": 11, ""flagged_transactions"": [3], ""assigned_categories"": {""1"": ""large"", ""2"": ""large"", ""3"": ""anomaly"", ""4"": ""large"", ""5"": ""large""}, ""submitted_total"": 17760737.1, ""agent_summary"": ""Heuristic agent: inspected, filtered, categorized, flagged, submitted.""}",39,
4,1,inspect_data,{},0.01,False,"{""columns"": [""tx_id"", ""account_id"", ""amount"", ""tx_type"", ""date"", ""description""], ""sample_rows"": [{""tx_id"": 1, ""account_id"": 105, ""amount"": 1232.01, ""tx_type"": ""credit"", ""date"": ""2023-01-13"", ""description"": ""TXN-0""}, {""tx_id"": 2, ""account_id"": 101, ""amount"": 2731.38, ""tx_type"": ""credit"", ""date"": ""2023-12-13"", ""description"": ""TXN-1""}, {""tx_id"": 3, ""account_id"": 104, ""amount"": 226451.59, ""tx_type"": ""debit"", ""date"": ""2023-01-17"", ""description"": ""TXN-2""}, {""tx_id"": 4, ""account_id"": 104, ""amount"": 3252.92, ""tx_type"": ""credit"", ""date"": ""2023-10-15"", ""description"": ""TXN-3""}, {""tx_id"": 5, ""account_id"": 104, ""amount"": 1398.17, ""tx_type"": ""debit"", ""date"": ""2023-04-23"", ""description"": ""TXN-4""}], ""row_count"": 5, ""tables"": [""transactions""]}",49,
4,2,filter_transactions,"{""column"": ""tx_type"", ""value"": ""credit""}",0.01,False,"{""filtered_rows"": [{""tx_id"": 1, ""account_id"": 105, ""amount"": 1232.01, ""tx_type"": ""credit"", ""date"": ""2023-01-13"", ""description"": ""TXN-0""}, {""tx_id"": 2, ""account_id"": 101, ""amount"": 2731.38, ""tx_type"": ""credit"", ""date"": ""2023-12-13"", ""description"": ""TXN-1""}, {""tx_id"": 4, ""account_id"": 104, ""amount"": 3252.92, ""tx_type"": ""credit"", ""date"": ""2023-10-15"", ""description"": ""TXN-3""}, {""tx_id"": 6, ""account_id"": 100, ""amount"": 1396.58, ""tx_type"": ""credit"", ""date"": ""2023-12-24"", ""description"": ""TXN-5""}, {""tx_id"": 9, ""account_id"": 103, ""amount"": 3146.91, ""tx_type"": ""credit"", ""date"": ""2023-10-10"", ""description"": ""TXN-8""}], ""match_count"": 5}",48,
4,3,filter_transactions,"{""column"": ""tx_type"", ""value"": ""debit""}",0.01,False,"{""filtered_rows"": [{""tx_id"": 3, ""account_id"": 104, ""amount"": 226451.59, ""tx_type"": ""debit"", ""date"": ""2023-01-17"", ""description"": ""TXN-2""}, {""tx_id"": 5, ""account_id"": 104, ""amount"": 1398.17, ""tx_type"": ""debit"", ""date"": ""2023-04-23"", ""description"": ""TXN-4""}, {""tx_id"": 7, ""account_id"": 101, ""amount"": 492.61, ""tx_type"": ""debit"", ""date"": ""2023-02-22"", ""description"": ""TXN-6""}, {""tx_id"": 8, ""account_id"": 102, ""amount"": 2685.78, ""tx_type"": ""debit"", ""date"": ""2023-01-23"", ""description"": ""TXN-7""}, {""tx_id"": 12, ""account_id"": 103, ""amount"": 1055.44, ""tx_type"": ""debit"", ""date"": ""2023-03-25"", ""description"": ""TXN-11""}], ""match_count"": 5}",47,
4,4,calculate_total,{},0.01,False,"{""total"": 17760737.1}",46,
4,5,assign_category,"{""transaction_id"": 1, ""category"": ""large""}",0.01,False,"{""assigned"": {""1"": ""large""}, ""all_categories"": {""1"": ""large""}}",45,
4,6,assign_category,"{""transaction_id"": 2, ""category"": ""large""}",0.01,False,"{""assigned"": {""2"": ""large""}, ""all_categories"": {""1"": ""large"", ""2"": ""large""}}",44,
4,7,assign_category,"{""transaction_id"": 3, ""category"": ""anomaly""}",0.01,False,"{""assigned"": {""3"": ""anomaly""}, ""all_categories"": {""1"": ""large"", ""2"": ""large"", ""3"": ""anomaly""}}",43,
4,8,assign_category,"{""transaction_id"": 4, ""category"": ""large""}",0.01,False,"{""assigned"": {""4"": ""large""}, ""all_categories"": {""1"": ""large"", ""2"": ""large"", ""3"": ""anomaly"", ""4"": ""large""}}",42,
4,9,assign_category,"{""transaction_id"": 5, ""category"": ""large""}",0.01,False,"{""assigned"": {""5"": ""large""}, ""all_categories"": {""1"": ""large"", ""2"": ""large"", ""3"": ""anomaly"", ""4"": ""large"", ""5"": ""large""}}",41,
4,10,flag_anomaly,"{""transaction_id"": 3}",0.01,False,"{""flagged_id"": 3, ""all_flagged"": [3]}",40,
4,11,submit_answer,"{""total"": 17760737.1, ""flagged"": [3], ""categories"": {""1"": ""large"", ""2"": ""large"", ""3"": ""anomaly"", ""4"": ""large"", ""5"": ""large""}, ""summary"": ""Heuristic agent: inspected, filtered, categorized, flagged, submitted.""}",0.6966,True,"{""status"": ""submitted"", ""steps_taken"": 11, ""flagged_transactions"": [3], ""assigned_categories"": {""1"": ""large"", ""2"": ""large"", ""3"": ""anomaly"", ""4"": ""large"", ""5"": ""large""}, ""submitted_total"": 17760737.1, ""agent_summary"": ""Heuristic agent: inspected, filtered, categorized, flagged, submitted.""}",39,
